cohort_week,activity_week,retained_users
201301,201418,2
201301,201419,3
201301,201420,3
201301,201421,3
201301,201422,2
201301,201423,4
201301,201424,3
201301,201425,6
201301,201426,4
201301,201427,2
201301,201428,3
201301,201429,1
201301,201431,3
201301,201432,2
201301,201433,2
201301,201434,2
201301,201435,2
201302,201418,1
201302,201419,2
201302,201420,3
201302,201421,1
201302,201422,2
201302,201423,4
201302,201424,3
201302,201425,6
201302,201426,4
201302,201427,3
201302,201428,1
201302,201429,2
201302,201430,3
201302,201431,2
201302,201432,4
201302,201433,4
201302,201434,4
201302,201435,2
201303,201418,2
201303,201419,4
201303,201420,5
201303,201421,7
201303,201422,7
201303,201423,8
201303,201424,5
201303,201425,5
201303,201426,1
201303,201427,2
201303,201428,4
201303,201429,4
201303,201430,3
201303,201431,2
201303,201432,3
201303,201434,4
201303,201435,5
201304,201418,4
201304,201419,6
201304,201420,7
201304,201421,6
201304,201422,6
201304,201423,7
201304,201424,6
201304,201425,6
201304,201426,6
201304,201427,3
201304,201428,4
201304,201429,6
201304,201430,7
201304,201431,4
201304,201432,3
201304,201433,1
201304,201434,2
201304,201435,4
201305,201418,2
201305,201419,3
201305,201420,5
201305,201421,4
201305,201422,5
201305,201423,6
201305,201424,5
201305,201425,4
201305,201426,8
201305,201427,3
201305,201428,7
201305,201429,5
201305,201430,4
201305,201431,5
201305,201432,5
201305,201433,3
201305,201434,2
201306,201418,4
201306,201419,7
201306,201420,8
201306,201421,6
201306,201422,6
201306,201423,7
201306,201424,6
201306,201425,7
201306,201426,9
201306,201427,6
201306,201428,9
201306,201429,7
201306,201430,9
201306,201431,10
201306,201432,7
201306,201433,6
201306,201434,6
201306,201435,4
201307,201418,2
201307,201419,5
201307,201420,3
201307,201421,4
201307,201422,5
201307,201423,6
201307,201424,5
201307,201425,4
201307,201426,5
201307,201427,4
201307,201428,4
201307,201429,6
201307,201430,5
201307,201431,6
201307,201432,3
201307,201433,1
201307,201435,3
201308,201418,3
201308,201419,9
201308,201420,6
201308,201421,7
201308,201422,8
201308,201423,6
201308,201424,6
201308,201425,8
201308,201426,9
201308,201427,10
201308,201428,11
201308,201429,12
201308,201430,9
201308,201431,5
201308,201432,5
201308,201433,3
201308,201434,1
201308,201435,2
201309,201418,1
201309,201419,1
201309,201420,3
201309,201421,2
201309,201422,1
201309,201423,2
201309,201424,4
201309,201425,5
201309,201426,4
201309,201427,5
201309,201428,2
201309,201429,5
201309,201430,4
201309,201431,5
201309,201432,4
201309,201433,2
201309,201434,3
201309,201435,2
201310,201418,5
201310,201419,7
201310,201420,5
201310,201421,8
201310,201422,8
201310,201423,8
201310,201424,8
201310,201425,9
201310,201426,5
201310,201427,6
201310,201428,4
201310,201429,6
201310,201430,5
201310,201431,6
201310,201432,3
201310,201433,2
201310,201434,3
201310,201435,3
201311,201418,2
201311,201419,3
201311,201420,6
201311,201421,5
201311,201422,5
201311,201423,5
201311,201424,4
201311,201425,6
201311,201426,5
201311,201427,7
201311,201428,9
201311,201429,5
201311,201430,3
201311,201431,7
201311,201432,3
201311,201433,2
201311,201434,3
201311,201435,1
201312,201418,5
201312,201419,4
201312,201420,5
201312,201421,3
201312,201422,6
201312,201423,3
201312,201424,4
201312,201425,4
201312,201426,3
201312,201427,5
201312,201428,4
201312,201429,4
201312,201430,4
201312,201431,7
201312,201432,6
201312,201433,4
201312,201434,4
201312,201435,4
201313,201418,3
201313,201419,4
201313,201420,2
201313,201421,2
201313,201422,4
201313,201423,7
201313,201424,4
201313,201425,5
201313,201426,3
201313,201427,4
201313,201428,4
201313,201429,5
201313,201430,3
201313,201431,4
201313,201432,4
201313,201433,2
201313,201434,1
201313,201435,2
201314,201418,2
201314,201419,4
201314,201420,5
201314,201421,5
201314,201422,4
201314,201423,3
201314,201424,2
201314,201425,3
201314,201426,3
201314,201427,5
201314,201428,7
201314,201429,7
201314,201430,8
201314,201431,10
201314,201432,7
201314,201433,2
201314,201434,3
201314,201435,3
201315,201418,3
201315,201419,4
201315,201420,5
201315,201421,5
201315,201422,2
201315,201423,5
201315,201424,5
201315,201425,5
201315,201426,5
201315,201427,1
201315,201428,1
201315,201429,4
201315,201430,5
201315,201431,6
201315,201432,5
201315,201433,5
201315,201434,6
201315,201435,3
201316,201418,4
201316,201419,5
201316,201420,4
201316,201421,6
201316,201422,5
201316,201423,7
201316,201424,5
201316,201425,7
201316,201426,4
201316,201427,5
201316,201428,7
201316,201429,6
201316,201430,8
201316,201431,8
201316,201432,4
201316,201433,8
201316,201434,7
201316,201435,4
201317,201418,6
201317,201419,7
201317,201420,10
201317,201421,8
201317,201422,11
201317,201423,8
201317,201424,8
201317,201425,8
201317,201426,9
201317,201427,9
201317,201428,10
201317,201429,11
201317,201430,10
201317,201431,8
201317,201432,5
201317,201433,5
201317,201434,5
201317,201435,5
201318,201418,3
201318,201419,6
201318,201420,8
201318,201421,9
201318,201422,6
201318,201423,6
201318,201424,9
201318,201425,9
201318,201426,7
201318,201427,9
201318,201428,8
201318,201429,7
201318,201430,10
201318,201431,7
201318,201432,5
201318,201433,6
201318,201434,9
201318,201435,8
201319,201418,6
201319,201419,8
201319,201420,7
201319,201421,11
201319,201422,7
201319,201423,7
201319,201424,10
201319,201425,7
201319,201426,6
201319,201427,5
201319,201428,10
201319,201429,8
201319,201430,9
201319,201431,7
201319,201432,8
201319,201433,6
201319,201434,3
201319,201435,2
201320,201418,3
201320,201419,6
201320,201420,9
201320,201421,8
201320,201422,6
201320,201423,5
201320,201424,8
201320,201425,6
201320,201426,5
201320,201427,8
201320,201428,6
201320,201429,10
201320,201430,7
201320,201431,6
201320,201432,6
201320,201433,6
201320,201434,3
201320,201435,4
201321,201418,3
201321,201419,5
201321,201420,5
201321,201421,3
201321,201422,3
201321,201423,2
201321,201426,4
201321,201427,4
201321,201428,5
201321,201429,5
201321,201430,2
201321,201431,3
201321,201432,1
201321,201433,2
201321,201434,3
201321,201435,3
201322,201418,2
201322,201419,4
201322,201420,3
201322,201421,3
201322,201422,3
201322,201423,2
201322,201424,2
201322,201425,1
201322,201426,2
201322,201427,3
201322,201428,3
201322,201429,1
201322,201430,1
201322,201431,2
201322,201432,1
201322,201433,1
201322,201434,2
201322,201435,3
201323,201418,3
201323,201419,4
201323,201420,3
201323,201421,5
201323,201422,2
201323,201423,2
201323,201424,3
201323,201425,4
201323,201426,4
201323,201427,7
201323,201428,3
201323,201429,9
201323,201430,5
201323,201431,8
201323,201432,6
201323,201433,3
201323,201434,4
201323,201435,5
201324,201418,8
201324,201419,5
201324,201420,6
201324,201421,6
201324,201422,5
201324,201423,6
201324,201424,2
201324,201425,5
201324,201426,3
201324,201427,2
201324,201428,3
201324,201429,5
201324,201430,5
201324,201431,7
201324,201432,1
201324,201433,5
201324,201434,2
201324,201435,6
201325,201418,3
201325,201419,4
201325,201420,5
201325,201421,4
201325,201422,5
201325,201423,4
201325,201424,5
201325,201425,5
201325,201426,6
201325,201427,10
201325,201428,9
201325,201429,9
201325,201430,7
201325,201431,2
201325,201432,2
201325,201433,2
201325,201434,4
201325,201435,4
201326,201418,5
201326,201419,8
201326,201420,10
201326,201421,5
201326,201422,5
201326,201423,4
201326,201424,4
201326,201425,4
201326,201426,6
201326,201427,6
201326,201428,9
201326,201429,7
201326,201430,7
201326,201431,7
201326,201432,8
201326,201433,3
201326,201434,4
201326,201435,7
201327,201418,3
201327,201419,5
201327,201420,9
201327,201421,7
201327,201422,6
201327,201423,5
201327,201424,6
201327,201425,8
201327,201426,5
201327,201427,4
201327,201428,5
201327,201429,6
201327,201430,4
201327,201431,4
201327,201432,4
201327,201433,4
201327,201434,4
201327,201435,4
201328,201418,1
201328,201419,7
201328,201420,7
201328,201421,6
201328,201422,4
201328,201423,3
201328,201424,4
201328,201425,4
201328,201426,4
201328,201427,2
201328,201428,6
201328,201429,5
201328,201430,6
201328,201431,7
201328,201432,4
201328,201433,5
201328,201434,2
201328,201435,2
201329,201418,6
201329,201419,9
201329,201420,8
201329,201421,8
201329,201422,10
201329,201423,10
201329,201424,5
201329,201425,6
201329,201426,10
201329,201427,8
201329,201428,9
201329,201429,8
201329,201430,6
201329,201431,6
201329,201432,8
201329,201433,7
201329,201434,4
201329,201435,5
201330,201418,7
201330,201419,10
201330,201420,12
201330,201421,10
201330,201422,10
201330,201423,12
201330,201424,12
201330,201425,11
201330,201426,10
201330,201427,8
201330,201428,10
201330,201429,7
201330,201430,10
201330,201431,9
201330,201432,4
201330,201433,1
201330,201434,3
201330,201435,4
201331,201418,9
201331,201419,8
201331,201420,7
201331,201421,7
201331,201422,6
201331,201423,7
201331,201424,12
201331,201425,9
201331,201426,10
201331,201427,10
201331,201428,11
201331,201429,7
201331,201430,7
201331,201431,7
201331,201432,5
201331,201433,7
201331,201434,7
201331,201435,5
201332,201418,8
201332,201419,12
201332,201420,11
201332,201421,12
201332,201422,9
201332,201423,6
201332,201424,8
201332,201425,11
201332,201426,9
201332,201427,8
201332,201428,3
201332,201429,3
201332,201430,5
201332,201431,4
201332,201432,6
201332,201433,7
201332,201434,9
201332,201435,7
201333,201418,10
201333,201419,14
201333,201420,7
201333,201421,7
201333,201422,8
201333,201423,4
201333,201424,6
201333,201425,13
201333,201426,11
201333,201427,9
201333,201428,7
201333,201429,6
201333,201430,7
201333,201431,4
201333,201432,2
201333,201433,4
201333,201434,1
201333,201435,4
201334,201418,6
201334,201419,12
201334,201420,13
201334,201421,12
201334,201422,10
201334,201423,9
201334,201424,5
201334,201425,13
201334,201426,10
201334,201427,15
201334,201428,10
201334,201429,9
201334,201430,12
201334,201431,15
201334,201432,12
201334,201433,11
201334,201434,7
201334,201435,12
201335,201418,7
201335,201419,8
201335,201420,10
201335,201421,7
201335,201422,7
201335,201423,12
201335,201424,10
201335,201425,13
201335,201426,11
201335,201427,11
201335,201428,13
201335,201429,13
201335,201430,8
201335,201431,10
201335,201432,9
201335,201433,6
201335,201434,4
201335,201435,2
201336,201418,2
201336,201419,5
201336,201420,6
201336,201421,8
201336,201422,8
201336,201423,7
201336,201424,8
201336,201425,6
201336,201426,5
201336,201427,9
201336,201428,9
201336,201429,7
201336,201430,6
201336,201431,7
201336,201432,5
201336,201433,5
201336,201434,5
201336,201435,6
201337,201418,6
201337,201419,8
201337,201420,14
201337,201421,10
201337,201422,11
201337,201423,10
201337,201424,9
201337,201425,8
201337,201426,8
201337,201427,8
201337,201428,7
201337,201429,10
201337,201430,10
201337,201431,9
201337,201432,11
201337,201433,9
201337,201434,7
201337,201435,7
201338,201418,5
201338,201419,7
201338,201420,5
201338,201421,9
201338,201422,5
201338,201423,10
201338,201424,11
201338,201425,11
201338,201426,10
201338,201427,7
201338,201428,6
201338,201429,5
201338,201430,9
201338,201431,4
201338,201432,5
201338,201433,2
201338,201434,2
201338,201435,5
201339,201418,6
201339,201419,12
201339,201420,8
201339,201421,8
201339,201422,9
201339,201423,7
201339,201424,11
201339,201425,8
201339,201426,14
201339,201427,9
201339,201428,11
201339,201429,12
201339,201430,10
201339,201431,6
201339,201432,6
201339,201433,5
201339,201434,5
201339,201435,4
201340,201418,4
201340,201419,6
201340,201420,6
201340,201421,11
201340,201422,9
201340,201423,12
201340,201424,13
201340,201425,10
201340,201426,7
201340,201427,10
201340,201428,5
201340,201429,11
201340,201430,9
201340,201431,10
201340,201432,6
201340,201433,5
201340,201434,7
201340,201435,7
201341,201418,8
201341,201419,9
201341,201420,8
201341,201421,9
201341,201422,8
201341,201423,7
201341,201424,11
201341,201425,12
201341,201426,11
201341,201427,10
201341,201428,6
201341,201429,9
201341,201430,12
201341,201431,14
201341,201432,12
201341,201433,9
201341,201434,7
201341,201435,5
201342,201418,6
201342,201419,9
201342,201420,9
201342,201421,9
201342,201422,8
201342,201423,9
201342,201424,7
201342,201425,7
201342,201426,5
201342,201427,5
201342,201428,6
201342,201429,6
201342,201430,6
201342,201431,6
201342,201432,4
201342,201433,3
201342,201434,3
201342,201435,4
201343,201418,6
201343,201419,10
201343,201420,11
201343,201421,13
201343,201422,9
201343,201423,9
201343,201424,11
201343,201425,10
201343,201426,8
201343,201427,8
201343,201428,6
201343,201429,3
201343,201430,8
201343,201431,9
201343,201432,10
201343,201433,9
201343,201434,9
201343,201435,7
201344,201418,8
201344,201419,11
201344,201420,13
201344,201421,13
201344,201422,14
201344,201423,16
201344,201424,16
201344,201425,9
201344,201426,12
201344,201427,10
201344,201428,8
201344,201429,8
201344,201430,10
201344,201431,12
201344,201432,8
201344,201433,5
201344,201434,6
201344,201435,7
201345,201418,9
201345,201419,15
201345,201420,10
201345,201421,5
201345,201422,4
201345,201423,13
201345,201424,11
201345,201425,13
201345,201426,9
201345,201427,14
201345,201428,12
201345,201429,12
201345,201430,10
201345,201431,13
201345,201432,11
201345,201433,11
201345,201434,8
201345,201435,3
201346,201418,4
201346,201419,13
201346,201420,18
201346,201421,12
201346,201422,8
201346,201423,13
201346,201424,14
201346,201425,13
201346,201426,10
201346,201427,13
201346,201428,12
201346,201429,9
201346,201430,7
201346,201431,8
201346,201432,5
201346,201433,5
201346,201434,13
201346,201435,12
201347,201418,3
201347,201419,5
201347,201420,6
201347,201421,7
201347,201422,6
201347,201423,6
201347,201424,11
201347,201425,9
201347,201426,7
201347,201427,8
201347,201428,8
201347,201429,8
201347,201430,7
201347,201431,9
201347,201432,11
201347,201433,6
201347,201434,9
201347,201435,5
201348,201418,7
201348,201419,4
201348,201420,5
201348,201421,9
201348,201422,8
201348,201423,13
201348,201424,14
201348,201425,10
201348,201426,12
201348,201427,14
201348,201428,12
201348,201429,12
201348,201430,12
201348,201431,11
201348,201432,10
201348,201433,7
201348,201434,6
201348,201435,7
201349,201418,2
201349,201419,10
201349,201420,11
201349,201421,11
201349,201422,13
201349,201423,7
201349,201424,15
201349,201425,14
201349,201426,12
201349,201427,12
201349,201428,10
201349,201429,9
201349,201430,15
201349,201431,13
201349,201432,5
201349,201433,5
201349,201434,5
201350,201418,6
201350,201419,10
201350,201420,10
201350,201421,15
201350,201422,12
201350,201423,11
201350,201424,11
201350,201425,16
201350,201426,15
201350,201427,9
201350,201428,12
201350,201429,11
201350,201430,11
201350,201431,12
201350,201432,8
201350,201433,8
201350,201434,5
201350,201435,6
201351,201418,6
201351,201419,17
201351,201420,17
201351,201421,15
201351,201422,12
201351,201423,13
201351,201424,14
201351,201425,18
201351,201426,13
201351,201427,11
201351,201428,10
201351,201429,11
201351,201430,11
201351,201431,9
201351,201432,12
201351,201433,10
201351,201434,5
201351,201435,5
201352,201418,2
201352,201419,8
201352,201420,5
201352,201421,6
201352,201422,9
201352,201423,9
201352,201424,10
201352,201425,7
201352,201426,11
201352,201427,7
201352,201428,6
201352,201429,6
201352,201430,5
201352,201431,4
201352,201432,3
201352,201433,4
201352,201434,4
201352,201435,5
201401,201418,7
201401,201419,14
201401,201420,23
201401,201421,18
201401,201422,15
201401,201423,15
201401,201424,14
201401,201425,17
201401,201426,13
201401,201427,17
201401,201428,14
201401,201429,12
201401,201430,12
201401,201431,14
201401,201432,12
201401,201433,13
201401,201434,7
201401,201435,6
201402,201418,4
201402,201419,10
201402,201420,11
201402,201421,12
201402,201422,16
201402,201423,8
201402,201424,11
201402,201425,12
201402,201426,8
201402,201427,11
201402,201428,16
201402,201429,12
201402,201430,10
201402,201431,7
201402,201432,12
201402,201433,8
201402,201434,6
201402,201435,3
201403,201418,5
201403,201419,15
201403,201420,16
201403,201421,15
201403,201422,14
201403,201423,16
201403,201424,20
201403,201425,16
201403,201426,18
201403,201427,17
201403,201428,18
201403,201429,14
201403,201430,12
201403,201431,10
201403,201432,15
201403,201433,14
201403,201434,14
201403,201435,12
201404,201418,8
201404,201419,8
201404,201420,12
201404,201421,16
201404,201422,17
201404,201423,16
201404,201424,13
201404,201425,10
201404,201426,7
201404,201427,9
201404,201428,10
201404,201429,9
201404,201430,10
201404,201431,11
201404,201432,9
201404,201433,5
201404,201434,7
201404,201435,8
201405,201418,9
201405,201419,21
201405,201420,15
201405,201421,16
201405,201422,13
201405,201423,16
201405,201424,17
201405,201425,15
201405,201426,12
201405,201427,16
201405,201428,14
201405,201429,12
201405,201430,12
201405,201431,17
201405,201432,11
201405,201433,12
201405,201434,13
201405,201435,11
201406,201418,17
201406,201419,22
201406,201420,17
201406,201421,19
201406,201422,13
201406,201423,15
201406,201424,19
201406,201425,17
201406,201426,23
201406,201427,20
201406,201428,17
201406,201429,17
201406,201430,11
201406,201431,13
201406,201432,14
201406,201433,9
201406,201434,14
201406,201435,11
201407,201418,10
201407,201419,12
201407,201420,15
201407,201421,16
201407,201422,19
201407,201423,18
201407,201424,20
201407,201425,16
201407,201426,16
201407,201427,15
201407,201428,15
201407,201429,12
201407,201430,9
201407,201431,15
201407,201432,15
201407,201433,12
201407,201434,12
201407,201435,10
201408,201418,12
201408,201419,16
201408,201420,7
201408,201421,15
201408,201422,11
201408,201423,15
201408,201424,13
201408,201425,11
201408,201426,13
201408,201427,16
201408,201428,16
201408,201429,18
201408,201430,16
201408,201431,13
201408,201432,13
201408,201433,11
201408,201434,11
201408,201435,12
201409,201418,10
201409,201419,14
201409,201420,11
201409,201421,9
201409,201422,10
201409,201423,15
201409,201424,15
201409,201425,13
201409,201426,15
201409,201427,13
201409,201428,9
201409,201429,10
201409,201430,14
201409,201431,11
201409,201432,16
201409,201433,9
201409,201434,12
201409,201435,12
201410,201418,10
201410,201419,19
201410,201420,18
201410,201421,15
201410,201422,17
201410,201423,9
201410,201424,12
201410,201425,12
201410,201426,9
201410,201427,15
201410,201428,18
201410,201429,16
201410,201430,18
201410,201431,13
201410,201432,10
201410,201433,7
201410,201434,8
201410,201435,9
201411,201418,12
201411,201419,20
201411,201420,19
201411,201421,16
201411,201422,14
201411,201423,16
201411,201424,20
201411,201425,13
201411,201426,14
201411,201427,12
201411,201428,17
201411,201429,17
201411,201430,17
201411,201431,13
201411,201432,12
201411,201433,10
201411,201434,5
201411,201435,11
201412,201418,14
201412,201419,23
201412,201420,26
201412,201421,25
201412,201422,23
201412,201423,16
201412,201424,16
201412,201425,14
201412,201426,16
201412,201427,13
201412,201428,12
201412,201429,13
201412,201430,18
201412,201431,23
201412,201432,20
201412,201433,19
201412,201434,14
201412,201435,11
201413,201418,20
201413,201419,25
201413,201420,23
201413,201421,22
201413,201422,25
201413,201423,23
201413,201424,21
201413,201425,17
201413,201426,22
201413,201427,19
201413,201428,19
201413,201429,19
201413,201430,18
201413,201431,19
201413,201432,20
201413,201433,13
201413,201434,14
201413,201435,12
201414,201418,36
201414,201419,26
201414,201420,25
201414,201421,21
201414,201422,21
201414,201423,18
201414,201424,20
201414,201425,18
201414,201426,19
201414,201427,14
201414,201428,20
201414,201429,22
201414,201430,18
201414,201431,22
201414,201432,19
201414,201433,16
201414,201434,14
201414,201435,12
201415,201418,25
201415,201419,35
201415,201420,26
201415,201421,32
201415,201422,25
201415,201423,26
201415,201424,19
201415,201425,22
201415,201426,18
201415,201427,21
201415,201428,20
201415,201429,17
201415,201430,23
201415,201431,31
201415,201432,20
201415,201433,13
201415,201434,18
201415,201435,18
201416,201418,53
201416,201419,55
201416,201420,40
201416,201421,32
201416,201422,24
201416,201423,17
201416,201424,14
201416,201425,17
201416,201426,17
201416,201427,15
201416,201428,17
201416,201429,15
201416,201430,17
201416,201431,17
201416,201432,11
201416,201433,9
201416,201434,11
201416,201435,10
201417,201418,56
201417,201419,69
201417,201420,47
201417,201421,33
201417,201422,25
201417,201423,17
201417,201424,17
201417,201425,6
201417,201426,14
201417,201427,15
201417,201428,16
201417,201429,15
201417,201430,16
201417,201431,16
201417,201432,12
201417,201433,14
201417,201434,8
201417,201435,5
201418,201418,159
201418,201419,118
201418,201420,66
201418,201421,45
201418,201422,30
201418,201423,32
201418,201424,26
201418,201425,21
201418,201426,20
201418,201427,21
201418,201428,19
201418,201429,20
201418,201430,18
201418,201431,20
201418,201432,23
201418,201433,17
201418,201434,12
201418,201435,10
201419,201419,160
201419,201420,104
201419,201421,67
201419,201422,45
201419,201423,34
201419,201424,22
201419,201425,18
201419,201426,24
201419,201427,11
201419,201428,17
201419,201429,12
201419,201430,11
201419,201431,14
201419,201432,10
201419,201433,9
201419,201434,9
201419,201435,4
201420,201420,186
201420,201421,144
201420,201422,77
201420,201423,64
201420,201424,40
201420,201425,26
201420,201426,20
201420,201427,19
201420,201428,23
201420,201429,18
201420,201430,15
201420,201431,15
201420,201432,13
201420,201433,11
201420,201434,8
201420,201435,10
201421,201421,177
201421,201422,121
201421,201423,79
201421,201424,50
201421,201425,40
201421,201426,28
201421,201427,21
201421,201428,32
201421,201429,23
201421,201430,23
201421,201431,23
201421,201432,18
201421,201433,18
201421,201434,10
201421,201435,9
201422,201422,186
201422,201423,117
201422,201424,78
201422,201425,53
201422,201426,34
201422,201427,24
201422,201428,33
201422,201429,30
201422,201430,18
201422,201431,18
201422,201432,13
201422,201433,14
201422,201434,15
201422,201435,9
201423,201423,197
201423,201424,133
201423,201425,83
201423,201426,60
201423,201427,49
201423,201428,42
201423,201429,29
201423,201430,25
201423,201431,26
201423,201432,17
201423,201433,17
201423,201434,12
201423,201435,7
201424,201424,198
201424,201425,146
201424,201426,85
201424,201427,56
201424,201428,44
201424,201429,41
201424,201430,34
201424,201431,28
201424,201432,22
201424,201433,21
201424,201434,14
201424,201435,10
201425,201425,222
201425,201426,135
201425,201427,89
201425,201428,57
201425,201429,41
201425,201430,31
201425,201431,28
201425,201432,25
201425,201433,15
201425,201434,17
201425,201435,12
201426,201426,210
201426,201427,151
201426,201428,100
201426,201429,62
201426,201430,44
201426,201431,30
201426,201432,24
201426,201433,19
201426,201434,15
201426,201435,15
201427,201427,199
201427,201428,130
201427,201429,82
201427,201430,60
201427,201431,43
201427,201432,34
201427,201433,33
201427,201434,26
201427,201435,14
201428,201428,223
201428,201429,152
201428,201430,95
201428,201431,83
201428,201432,52
201428,201433,39
201428,201434,26
201428,201435,23
201429,201429,215
201429,201430,144
201429,201431,91
201429,201432,52
201429,201433,33
201429,201434,19
201429,201435,20
201430,201430,228
201430,201431,156
201430,201432,82
201430,201433,59
201430,201434,40
201430,201435,31
201431,201431,234
201431,201432,154
201431,201433,94
201431,201434,64
201431,201435,47
201432,201432,189
201432,201433,126
201432,201434,69
201432,201435,48
201433,201433,250
201433,201434,163
201433,201435,82
201434,201434,259
201434,201435,173
201435,201435,266
