id,username
5,Aniya_Hackett
7,Kasandra_Homenick
14,Jaclyn81
21,Rocio33
24,Maxwell.Halvorson
25,Tierra.Trantow
34,Pearl7
36,Ollie_Ledner37
41,Mckenna17
45,David.Osinski47
49,Morgan.Kassulke
53,Linnea59
54,Duane60
57,Julien_Schmidt
66,Mike.Auer39
68,Franco_Keebler64
71,Nia_Haag
74,Hulda.Macejkovic
75,Leslie67
76,Janelle.Nikolaus81
80,Darby_Herzog
81,Esther.Zulauf61
83,Bartholome.Bernhard
89,Jessyca_West
90,Esmeralda.Mraz57
91,Bethany20
101,Kenton_Kirlin
102,Andre_Purdy85
103,Harley_Lind18
104,Arely_Bogan63
105,Aniya_Hackett
106,Travon.Waters
107,Kasandra_Homenick
108,Tabitha_Schamberger11
109,Gus93
110,Presley_McClure
111,Justina.Gaylord27
112,Dereck65
113,Alexandro35
114,Jaclyn81
115,Billy52
116,Annalise.McKenzie16
117,Norbert_Carroll35
118,Odessa2
119,Hailee26
120,Delpha.Kihn
121,Rocio33
122,Kenneth64
123,Eveline95
124,Maxwell.Halvorson
125,Tierra.Trantow
126,Josianne.Friesen
127,Darwin29
128,Dario77
129,Jaime53
130,Kaley9
131,Aiyana_Hoeger
132,Irwin.Larson
133,Yvette.Gottlieb91
134,Pearl7
135,Lennie_Hartmann40
136,Ollie_Ledner37
137,Yazmin_Mills95
138,Jordyn.Jacobson2
139,Kelsi26
140,Rafael.Hickle2
141,Mckenna17
142,Maya.Farrell
143,Janet.Armstrong
144,Seth46
145,David.Osinski47
146,Malinda_Streich
147,Harrison.Beatty50
148,Granville_Kutch
149,Morgan.Kassulke
150,Gerard79
151,Mariano_Koch3
152,Zack_Kemmer93
153,Linnea59
154,Duane60
155,Meggie_Doyle
156,Peter.Stehr0
157,Julien_Schmidt
158,Aurelie71
159,Cesar93
160,Sam52
161,Jayson65
162,Ressie_Stanton46
163,Elenor88
164,Florence99
165,Adelle96
166,Mike.Auer39
167,Emilio_Bernier52
168,Franco_Keebler64
169,Karley_Bosco
170,Erick5
171,Nia_Haag
172,Kathryn80
173,Jaylan.Lakin
174,Hulda.Macejkovic
175,Leslie67
176,Janelle.Nikolaus81
177,Donald.Fritsch
178,Colten.Harris76
179,Katarina.Dibbert
180,Darby_Herzog
181,Esther.Zulauf61
182,Aracely.Johnston98
183,Bartholome.Bernhard
184,Alysa22
185,Milford_Gleichner42
186,Delfina_VonRueden68
187,Rick29
188,Clint27
189,Jessyca_West
190,Esmeralda.Mraz57
191,Bethany20
192,Frederik_Rice
193,Willie_Leuschke
194,Damon35
195,Nicole71
196,Keenan.Schamberger60
197,Tomas.Beatty93
198,Imani_Nicolas17
199,Alek_Watsica
200,Javonte83
201,Kenton_Kirlin
202,Andre_Purdy85
203,Harley_Lind18
204,Arely_Bogan63
205,Aniya_Hackett
206,Travon.Waters
207,Kasandra_Homenick
208,Tabitha_Schamberger11
209,Gus93
210,Presley_McClure
211,Justina.Gaylord27
212,Dereck65
213,Alexandro35
214,Jaclyn81
215,Billy52
216,Annalise.McKenzie16
217,Norbert_Carroll35
218,Odessa2
219,Hailee26
220,Delpha.Kihn
221,Rocio33
222,Kenneth64
223,Eveline95
224,Maxwell.Halvorson
225,Tierra.Trantow
226,Josianne.Friesen
227,Darwin29
228,Dario77
229,Jaime53
230,Kaley9
231,Aiyana_Hoeger
232,Irwin.Larson
233,Yvette.Gottlieb91
234,Pearl7
235,Lennie_Hartmann40
236,Ollie_Ledner37
237,Yazmin_Mills95
238,Jordyn.Jacobson2
239,Kelsi26
240,Rafael.Hickle2
241,Mckenna17
242,Maya.Farrell
243,Janet.Armstrong
244,Seth46
245,David.Osinski47
246,Malinda_Streich
247,Harrison.Beatty50
248,Granville_Kutch
249,Morgan.Kassulke
250,Gerard79
251,Mariano_Koch3
252,Zack_Kemmer93
253,Linnea59
254,Duane60
255,Meggie_Doyle
256,Peter.Stehr0
257,Julien_Schmidt
258,Aurelie71
259,Cesar93
260,Sam52
261,Jayson65
262,Ressie_Stanton46
263,Elenor88
264,Florence99
265,Adelle96
266,Mike.Auer39
267,Emilio_Bernier52
268,Franco_Keebler64
269,Karley_Bosco
270,Erick5
271,Nia_Haag
272,Kathryn80
273,Jaylan.Lakin
274,Hulda.Macejkovic
275,Leslie67
276,Janelle.Nikolaus81
277,Donald.Fritsch
278,Colten.Harris76
279,Katarina.Dibbert
280,Darby_Herzog
281,Esther.Zulauf61
282,Aracely.Johnston98
283,Bartholome.Bernhard
284,Alysa22
285,Milford_Gleichner42
286,Delfina_VonRueden68
287,Rick29
288,Clint27
289,Jessyca_West
290,Esmeralda.Mraz57
291,Bethany20
292,Frederik_Rice
293,Willie_Leuschke
294,Damon35
295,Nicole71
296,Keenan.Schamberger60
297,Tomas.Beatty93
298,Imani_Nicolas17
299,Alek_Watsica
300,Javonte83
301,Kenton_Kirlin
302,Andre_Purdy85
303,Harley_Lind18
304,Arely_Bogan63
305,Aniya_Hackett
306,Travon.Waters
307,Kasandra_Homenick
308,Tabitha_Schamberger11
309,Gus93
310,Presley_McClure
311,Justina.Gaylord27
312,Dereck65
313,Alexandro35
314,Jaclyn81
315,Billy52
316,Annalise.McKenzie16
317,Norbert_Carroll35
318,Odessa2
319,Hailee26
320,Delpha.Kihn
321,Rocio33
322,Kenneth64
323,Eveline95
324,Maxwell.Halvorson
325,Tierra.Trantow
326,Josianne.Friesen
327,Darwin29
328,Dario77
329,Jaime53
330,Kaley9
331,Aiyana_Hoeger
332,Irwin.Larson
333,Yvette.Gottlieb91
334,Pearl7
335,Lennie_Hartmann40
336,Ollie_Ledner37
337,Yazmin_Mills95
338,Jordyn.Jacobson2
339,Kelsi26
340,Rafael.Hickle2
341,Mckenna17
342,Maya.Farrell
343,Janet.Armstrong
344,Seth46
345,David.Osinski47
346,Malinda_Streich
347,Harrison.Beatty50
348,Granville_Kutch
349,Morgan.Kassulke
350,Gerard79
351,Mariano_Koch3
352,Zack_Kemmer93
353,Linnea59
354,Duane60
355,Meggie_Doyle
356,Peter.Stehr0
357,Julien_Schmidt
358,Aurelie71
359,Cesar93
360,Sam52
361,Jayson65
362,Ressie_Stanton46
363,Elenor88
364,Florence99
365,Adelle96
366,Mike.Auer39
367,Emilio_Bernier52
368,Franco_Keebler64
369,Karley_Bosco
370,Erick5
371,Nia_Haag
372,Kathryn80
373,Jaylan.Lakin
374,Hulda.Macejkovic
375,Leslie67
376,Janelle.Nikolaus81
377,Donald.Fritsch
378,Colten.Harris76
379,Katarina.Dibbert
380,Darby_Herzog
381,Esther.Zulauf61
382,Aracely.Johnston98
383,Bartholome.Bernhard
384,Alysa22
385,Milford_Gleichner42
386,Delfina_VonRueden68
387,Rick29
388,Clint27
389,Jessyca_West
390,Esmeralda.Mraz57
391,Bethany20
392,Frederik_Rice
393,Willie_Leuschke
394,Damon35
395,Nicole71
396,Keenan.Schamberger60
397,Tomas.Beatty93
398,Imani_Nicolas17
399,Alek_Watsica
400,Javonte83
401,Kenton_Kirlin
402,Andre_Purdy85
403,Harley_Lind18
404,Arely_Bogan63
405,Aniya_Hackett
406,Travon.Waters
407,Kasandra_Homenick
408,Tabitha_Schamberger11
409,Gus93
410,Presley_McClure
411,Justina.Gaylord27
412,Dereck65
413,Alexandro35
414,Jaclyn81
415,Billy52
416,Annalise.McKenzie16
417,Norbert_Carroll35
418,Odessa2
419,Hailee26
420,Delpha.Kihn
421,Rocio33
422,Kenneth64
423,Eveline95
424,Maxwell.Halvorson
425,Tierra.Trantow
426,Josianne.Friesen
427,Darwin29
428,Dario77
429,Jaime53
430,Kaley9
431,Aiyana_Hoeger
432,Irwin.Larson
433,Yvette.Gottlieb91
434,Pearl7
435,Lennie_Hartmann40
436,Ollie_Ledner37
437,Yazmin_Mills95
438,Jordyn.Jacobson2
439,Kelsi26
440,Rafael.Hickle2
441,Mckenna17
442,Maya.Farrell
443,Janet.Armstrong
444,Seth46
445,David.Osinski47
446,Malinda_Streich
447,Harrison.Beatty50
448,Granville_Kutch
449,Morgan.Kassulke
450,Gerard79
451,Mariano_Koch3
452,Zack_Kemmer93
453,Linnea59
454,Duane60
455,Meggie_Doyle
456,Peter.Stehr0
457,Julien_Schmidt
458,Aurelie71
459,Cesar93
460,Sam52
461,Jayson65
462,Ressie_Stanton46
463,Elenor88
464,Florence99
465,Adelle96
466,Mike.Auer39
467,Emilio_Bernier52
468,Franco_Keebler64
469,Karley_Bosco
470,Erick5
471,Nia_Haag
472,Kathryn80
473,Jaylan.Lakin
474,Hulda.Macejkovic
475,Leslie67
476,Janelle.Nikolaus81
477,Donald.Fritsch
478,Colten.Harris76
479,Katarina.Dibbert
480,Darby_Herzog
481,Esther.Zulauf61
482,Aracely.Johnston98
483,Bartholome.Bernhard
484,Alysa22
485,Milford_Gleichner42
486,Delfina_VonRueden68
487,Rick29
488,Clint27
489,Jessyca_West
490,Esmeralda.Mraz57
491,Bethany20
492,Frederik_Rice
493,Willie_Leuschke
494,Damon35
495,Nicole71
496,Keenan.Schamberger60
497,Tomas.Beatty93
498,Imani_Nicolas17
499,Alek_Watsica
500,Javonte83
501,Kenton_Kirlin
502,Andre_Purdy85
503,Harley_Lind18
504,Arely_Bogan63
505,Aniya_Hackett
506,Travon.Waters
507,Kasandra_Homenick
508,Tabitha_Schamberger11
509,Gus93
510,Presley_McClure
511,Justina.Gaylord27
512,Dereck65
513,Alexandro35
514,Jaclyn81
515,Billy52
516,Annalise.McKenzie16
517,Norbert_Carroll35
518,Odessa2
519,Hailee26
520,Delpha.Kihn
521,Rocio33
522,Kenneth64
523,Eveline95
524,Maxwell.Halvorson
525,Tierra.Trantow
526,Josianne.Friesen
527,Darwin29
528,Dario77
529,Jaime53
530,Kaley9
531,Aiyana_Hoeger
532,Irwin.Larson
533,Yvette.Gottlieb91
534,Pearl7
535,Lennie_Hartmann40
536,Ollie_Ledner37
537,Yazmin_Mills95
538,Jordyn.Jacobson2
539,Kelsi26
540,Rafael.Hickle2
541,Mckenna17
542,Maya.Farrell
543,Janet.Armstrong
544,Seth46
545,David.Osinski47
546,Malinda_Streich
547,Harrison.Beatty50
548,Granville_Kutch
549,Morgan.Kassulke
550,Gerard79
551,Mariano_Koch3
552,Zack_Kemmer93
553,Linnea59
554,Duane60
555,Meggie_Doyle
556,Peter.Stehr0
557,Julien_Schmidt
558,Aurelie71
559,Cesar93
560,Sam52
561,Jayson65
562,Ressie_Stanton46
563,Elenor88
564,Florence99
565,Adelle96
566,Mike.Auer39
567,Emilio_Bernier52
568,Franco_Keebler64
569,Karley_Bosco
570,Erick5
571,Nia_Haag
572,Kathryn80
573,Jaylan.Lakin
574,Hulda.Macejkovic
575,Leslie67
576,Janelle.Nikolaus81
577,Donald.Fritsch
578,Colten.Harris76
579,Katarina.Dibbert
580,Darby_Herzog
581,Esther.Zulauf61
582,Aracely.Johnston98
583,Bartholome.Bernhard
584,Alysa22
585,Milford_Gleichner42
586,Delfina_VonRueden68
587,Rick29
588,Clint27
589,Jessyca_West
590,Esmeralda.Mraz57
591,Bethany20
592,Frederik_Rice
593,Willie_Leuschke
594,Damon35
595,Nicole71
596,Keenan.Schamberger60
597,Tomas.Beatty93
598,Imani_Nicolas17
599,Alek_Watsica
600,Javonte83
